{
  "plan": {
    "anio": 2025,
    "mes": 1,
    "saldo_inicial": 250000.0,
    "ingreso_plan": 2500000.0,
    "gasto_plan": 1500000.0
  },
  "movimientos": [
    {
      "fecha": "2025-12-05",
      "tipo": "ingreso",
      "monto": 250000.0
    },
    {
      "fecha": "2025-12-05",
      "tipo": "ingreso",
      "monto": 1250000.0
    },
    {
      "fecha": "2025-12-05",
      "tipo": "ingreso",
      "monto": 3000000.0
    },
    {
      "fecha": "2025-01-05",
      "tipo": "ingreso",
      "monto": 3000000.0
    }
  ],
  "config": {},
  "categorias": [
    {
      "id": 1,
      "nombre": "Cuota credito",
      "tipo": "mensual",
      "monto_mensual": 150000.0,
      "porcentaje": 0.0
    },
    {
      "id": 2,
      "nombre": "Alquiler",
      "tipo": "mensual",
      "monto_mensual": 400000.0,
      "porcentaje": 0.0
    }
  ],
  "ingresos": [
    {
      "fecha": "2025-12-05",
      "monto": 80000.0
    }
  ],
  "ahorros_metas": [],
  "ahorros_aportes": []
}